word,degree,strength,eigenvector,bridging,pc1,pc2,pc3
(d)30,6,1.5,0.015586,4.0,-0.0034,-0.0063,-0.0002
(d)PA.TUG2,11,4.241,0.047,6.6,-0.0035,-0.0093,-0.0021
(d)[hu]-um-ban-nu-me-na-gi,2,0.3,0.002233,2.0,-0.0026,-0.0063,0.003
(d)[…,2,0.3,3.7e-05,2.0,-0.0018,-0.0049,0.0005
(d)[…],2,0.3,0.002385,2.0,-0.0018,-0.0049,0.0005
(d)aiba-sunkir,2,0.3,0.00253,2.0,-0.002,-0.0058,-0.0019
(d)be-la-la,6,0.9,0.00891,4.0,-0.0025,-0.0044,-0.0
(d)be-li-li-me,2,0.3,0.004162,0.0,-0.0021,-0.0008,-0.0031
(d)da-mu-si,2,0.3,0.003254,0.0,-0.0021,-0.0008,-0.0031
(d)ha-te-ri-iš-[…],2,0.3,0.000114,2.0,-0.0021,-0.0145,-0.0003
(d)ha-te-ri-iš-nu,2,0.3,0.002256,2.0,-0.0021,-0.0145,-0.0003
(d)ha-te-ri-iš-nu-me,2,0.3,0.003143,0.0,-0.0021,-0.0145,-0.0003
(d)hi-iš-mi-di-ik,3,0.6,0.005383,2.0,-0.0016,-0.0075,0.0002
(d)hi-iš-mi-ti-ik,3,0.9,0.013128,0.0,-0.003,-0.0053,-0.0023
(d)hi-iš-mi-ti-ik2,2,0.3,0.003254,0.0,-0.002,-0.0028,-0.0011
(d)hu-ba-nu-me-en-na-ki,2,0.3,0.002233,2.0,-0.0016,-0.0064,0.0015
(d)hu-ban-[um]-me-na-ki,2,0.3,0.002233,2.0,0.0006,-0.0081,0.0001
(d)hu-ban-nu-me-en-na-ki,2,0.3,0.002233,2.0,-0.0017,-0.0073,-0.0004
(d)hu-ban-nu-me-na-gi,2,0.3,0.001355,2.0,-0.0025,0.0007,-0.0045
(d)hu-ban-nu-me-na-ki,2,0.6,0.004466,2.0,-0.0026,-0.0089,-0.002
(d)hu-ban-um-me-en-na-ki,3,1.2,0.008054,3.0,-0.0031,-0.0075,-0.0087
(d)hu-ban-um-me-na-ki,2,0.3,0.002233,2.0,-0.0032,0.0049,-0.0068
(d)hu-um-ban,4,0.6,0.00582,2.6667,-0.0016,-0.0081,-0.0003
(d)hu-um-ban-me,2,0.3,0.001844,0.0,-0.0016,-0.0081,-0.0003
(d)hu-um-ban-nu-me-na-gi,2,0.6,0.004466,2.0,-0.0027,-0.0074,-0.0027
(d)hu-um-ban-um-me-en-na-ki,2,0.3,0.002233,2.0,-0.0016,-0.0081,-0.0003
(d)im,5,1.5,0.018912,2.0,-0.0035,-0.0074,-0.0028
(d)in-na-na,3,0.6,0.003813,2.0,-0.0019,-0.0041,0.0003
(d)in-šu-[uš-na-ak,2,0.3,2.4e-05,2.0,-0.0021,-0.0035,0.0017
(d)in-šu-[uš]-na-ak,2,0.3,0.0,2.0,0.162,0.0115,0.0003
(d)in-šu-uš-[na-ak,2,0.3,7e-06,2.0,-0.0036,-0.0038,0.0012
(d)in-šu-uš-[na-ak],1,0.15,0.001375,0,-0.0014,-0.0058,0.002
(d)in-šu-uš-n[a-ak,2,0.3,2.5e-05,2.0,0.162,0.0115,0.0003
(d)in-šu-uš-n[a-ak],2,0.3,2.4e-05,2.0,0.162,0.0115,0.0003
(d)in-šu-uš-na-ak,33,21.4945,0.177019,28.25,-0.0079,0.0326,0.0194
(d)in-šu-uš-na-ak-ri,2,0.3,0.000277,2.0,-0.0044,0.0586,0.1392
(d)in-šu-uš-na-ak4,2,0.3,0.003283,0.0,-0.0021,-0.0067,0.0021
(d)in-šu-uš]-na-ak,2,0.3,0.001818,2.0,-0.0021,-0.0035,0.0017
(d)in-šu-ši-na-ak,18,7.98,0.068875,12.8235,-0.0065,-0.003,-0.0167
(d)in-šu-ši-na-ak-me,2,0.3,0.001845,2.0,-0.0071,0.097,-0.113
(d)in]-šu-uš-n[a-ak,2,0.3,2.7e-05,2.0,-0.0036,-0.0038,0.0012
(d)iš-ni-ka-ra-ab,2,0.3,0.001282,2.0,-0.0009,-0.0047,0.0001
(d)iš-ni-ka-ra-ab2,3,0.9349,0.003621,2.0,-0.0022,-0.0064,-0.0022
(d)ki-la-ah-šu-pi-ir,6,0.9,0.005384,5.6,-0.0004,-0.0099,0.0005
(d)ki-la-ah-šu-pi-ir],2,0.3,0.003002,2.0,-0.0011,-0.0084,-0.0001
(d)ki-ri-ri-ša,11,3.1178,0.030438,7.4,-0.0063,0.0404,0.0574
(d)ki-ri-ri-ša-me,2,0.3,0.001452,2.0,-0.0026,-0.0063,0.003
(d)ki-{ri-ri}-ša,3,0.914,0.001336,3.0,-0.0026,-0.0063,0.003
(d)kir-ma-sir-me,2,0.3,0.003812,0.0,-0.0017,-0.0023,-0.0044
(d)ma-an-za-at,4,0.6,0.00582,2.6667,0.0006,-0.0081,0.0001
(d)ma-áš-ti,2,0.3,0.002386,0.0,-0.0018,-0.0059,0.0001
(d)na-ah-hu-un-te,7,1.8354,0.014724,4.6667,-0.0031,-0.0056,-0.0003
(d)na-ah-hu-un-te-ir,2,0.9,1.7e-05,2.0,-0.0096,0.1098,0.0499
(d)na-ap-ra-te-ip,5,0.9,0.008123,4.5,-0.0031,-0.0067,-0.0029
(d)na-ap-ra-te-ip-me,2,0.6,0.006369,0.0,-0.0031,-0.0071,-0.0031
(d)na-bi-um,4,0.6,0.006769,1.3333,-0.0015,-0.0083,-0.0007
(d)na-bu-me,2,0.3,0.003184,0.0,-0.0021,-0.005,-0.0011
(d)na-bu-u2,4,0.6,0.006618,2.0,-0.0021,-0.005,-0.0011
(d)na-zi-it,2,0.3,0.003616,0.0,-0.0021,-0.0056,-0.0003
(d)na-zi-it-me,2,0.3,0.003812,0.0,-0.0021,-0.0056,-0.0003
(d)nin-a-li,4,0.9,0.007612,2.6667,-0.0029,-0.0054,-0.0021
(d)nin-a-li-me,2,0.3,0.003535,0.0,-0.002,-0.0028,-0.0011
(d)nin-e2-gal,4,0.6,0.00582,2.6667,-0.0016,-0.0078,-0.0007
(d)nun.sunki,2,0.3,0.003616,0.0,-0.002,-0.0048,-0.0
(d)nun.sunki-me,2,0.3,0.003812,0.0,-0.002,-0.0048,-0.0
(d)pa-tug2,2,0.3,0.000307,2.0,-0.0019,-0.004,-0.0003
(d)pi-el-ti-ya,2,0.3,0.000966,2.0,-0.0044,0.0586,0.1392
(d)pi-ni-gir3,4,1.2,0.016669,0.0,-0.0042,-0.0113,-0.0043
(d)pi-ni-gir3-me,2,0.6,0.006369,0.0,-0.003,-0.0078,-0.0027
(d)pi-ni-gir3-me-im-ma,2,0.3,0.003184,0.0,-0.0023,-0.0058,-0.0022
(d)pi-ni-gìr,2,0.3,0.002363,2.0,-0.0019,-0.0051,-0.0018
(d)ru-hu-ra-te-ir,4,0.9,0.007612,2.6667,-0.003,-0.0053,-0.0023
(d)ru-hu-ra-te-ir-me,2,0.3,0.003535,0.0,-0.002,-0.0028,-0.0011
(d)ru-hu-ra-tir,3,0.6,0.001348,3.0,-0.0016,-0.0075,0.0002
(d)su-un-ki-ir-ri-ša-ar-ra,2,0.3,0.004137,0.0,-0.0022,-0.0057,-0.002
(d)te-ip-ti,2,0.3,0.001803,2.0,-0.0018,-0.0059,0.0001
(d)u2-pur-ku-ba-ak,6,0.9,0.007898,4.4,-0.0022,-0.0061,-0.0006
(d)u2-pur-ku-ba-ak-me,2,0.3,0.001463,2.0,-0.0027,0.0036,-0.0117
(d)u2-pur-ku-pa-ak,6,1.2,0.013481,2.4,-0.0014,-0.0152,-0.0022
(d)zu-un-ki-ir-ri-ša-ar-ra,3,0.924,0.003156,3.0,-0.0021,-0.0061,0.0001
(d)zu-un-ki-ir-ri-ša-ar-ra-me,2,0.3,0.001472,2.0,-0.0021,-0.0061,0.0001
(d){na-bu}-u2,2,0.3,0.001778,2.0,-0.0016,-0.0056,-0.0025
(d)ša-la,4,0.9,0.007612,2.6667,-0.0029,-0.0054,-0.0023
(d)ša-la-me,2,0.3,0.003535,0.0,-0.002,-0.0029,-0.0011
(d)ši-ia-šu-um,3,0.6,0.007873,0.0,-0.002,-0.0059,-0.0017
(d)ši-mut,5,1.8574,0.021887,0.0,-0.0028,-0.0049,-0.0019
(f)na-pir2-a-su,2,0.3,0.001494,2.0,-0.0044,0.0586,0.1392
(f)na-pír-a-su,2,0.3,0.001494,2.0,-0.0044,0.0586,0.1392
(husa)tukul-har-sag,2,0.3,0.002229,2.0,-0.0019,-0.004,-0.0003
(m)hu-ban-nu-me-na-ki,3,0.6,0.003588,3.0,-0.0022,-0.0115,-0.0012
(m)hu-ban-um-me-na-ki,2,0.6,0.004466,2.0,-0.0032,-0.0018,-0.0098
(m)ki-,2,0.3,0.000853,0.0,0.0003,-0.0043,-0.0017
(m)un-t[aš]-dingir-gal,2,0.3,0.002447,2.0,-0.0018,-0.0049,0.0005
(m)un-taš-dingir-gal,9,22.65,0.166497,9.0,-0.0128,-0.0229,-0.0101
(m)un-taš-dingir-gal-ki,3,0.6,0.001633,3.0,-0.0044,0.0586,0.1392
(m)un-taš-dingir-gal-me,3,0.6,0.000157,3.0,-0.0059,0.0565,0.0709
(md)hu-[um-ban-nu-me-na-gi],2,0.3,0.001355,2.0,-0.0016,-0.0056,-0.0025
(md)hu-ban-nu-me-na-gi,2,1.2,0.008932,2.0,-0.0056,0.0249,0.0366
(md)hu-ban-nu-me-na-ki,2,0.3,0.002233,2.0,-0.0021,-0.0067,0.0021
(md)hu-ban-nu-um-me-en-na-ki,2,0.3,0.002233,2.0,-0.002,-0.0058,-0.0019
(md)hu-ban-um-me-en-na-ki,2,0.6,0.004466,2.0,-0.003,-0.0077,-0.0023
(md)hu-um-[ban-nu-me-na-gi,2,0.3,0.001355,2.0,-0.0011,-0.0084,-0.0001
(md)hu-um-ba-nu-me-na-[ki,2,0.3,0.000971,2.0,-0.0036,-0.0038,0.0012
(md)hu-um-ba-nu-me-na-ki],2,0.3,0.001292,2.0,-0.0021,-0.0035,0.0017
(md)hu-um-ban-nu-me-en-na-ki,2,0.9,0.006699,2.0,-0.0011,-0.0098,-0.0017
(md)hu-um-ban-nu-me-na-gi,3,7.8,0.046649,3.0,-0.0123,-0.012,-0.0175
(md)hu-um-ban-nu-me-na-ki,3,2.4,0.016108,3.0,-0.0055,-0.0109,-0.0056
(md)hu-um-ban-nu-me]-na-gi,2,0.3,0.001355,2.0,0.0001,-0.0068,0.0006
(md)hu-um-ban-um-me-en-na-ki,2,0.3,0.002233,2.0,0.0039,-0.0093,-0.0079
(md)hu-um-ban-um-me-na-gi,2,0.3,0.002233,2.0,-0.0022,-0.0057,-0.002
-me,2,0.3,2.8e-05,2.0,0.0006,-0.0056,-0.0034
1,2,0.3,0.001207,2.0,-0.0017,-0.0073,-0.0004
10,2,0.3,3.3e-05,0.0,-0.0016,-0.0077,-0.0011
10-na,2,0.3,0.00238,0.0,-0.0027,0.0036,-0.0117
DINGIR-GAL,2,0.3,0.00192,0.0,-0.0059,0.0565,0.0709
[(d)in]-šu-uš-na-ak,1,0.3,0.001691,0,-0.0008,-0.0043,-0.0014
[a-ak,4,0.6,0.002368,2.6667,-0.0026,-0.0074,0.0013
[a-gi],2,0.3,7e-06,2.0,0.0053,-0.0104,-0.006
[a-h]a-an,2,0.3,3.3e-05,2.0,0.0006,-0.0056,-0.0034
[a]-gi,2,0.3,0.001459,2.0,-0.0026,-0.0063,0.003
[an-za-a]n,2,0.3,0.000845,2.0,-0.0008,-0.0043,-0.0014
[az-ki-it,2,0.3,0.003033,2.0,0.162,0.0115,0.0003
[dingir-gal,2,0.3,0.002367,2.0,-0.0036,-0.0038,0.0012
[dingir-gal],2,0.3,0.004501,0.0,0.0039,-0.0093,-0.0079
[h]a-li-ik,2,0.3,0.003021,2.0,-0.0018,-0.0049,0.0005
[hi-ih,3,0.9033,0.000174,3.0,0.162,0.0115,0.0003
[hi]-ih,2,0.3,0.002997,2.0,0.0039,-0.0093,-0.0079
[hu-us-si]-ip-me,2,0.3,0.001733,2.0,-0.0016,-0.0056,-0.0025
[hu]-uh-tah,2,0.3,5.4e-05,0.0,-0.0016,0.0001,-0.007
[hu]-ut2-tah,2,0.3,1.3e-05,2.0,0.162,0.0115,0.0003
[hu]-ut2-tak-ha-li-ik,2,0.3,0.003427,2.0,0.0039,-0.0093,-0.0079
[hu]-šu-ia,2,0.3,0.000853,2.0,0.162,0.0115,0.0003
[i],2,0.3,0.000579,2.0,0.0039,-0.0093,-0.0079
[in,2,0.3,0.001206,2.0,-0.0036,-0.0038,0.0012
[in-gi,2,0.3,3.1e-05,2.0,-0.0021,-0.0145,-0.0003
[in-ti]-ik-ka,2,0.3,0.000868,2.0,-0.0026,-0.0063,0.003
[in]-gi,2,0.3,0.001701,2.0,-0.0008,-0.0043,-0.0014
[ip-il-la-ti],2,0.3,0.002362,2.0,-0.0017,-0.0065,-0.0012
[ki?]-zu-um,2,0.3,0.002231,2.0,0.0039,-0.0093,-0.0079
[ku-ku]-un-nu-um,2,0.3,0.000853,0.0,-0.0008,-0.0043,-0.0014
[ku-ši-ih],2,0.3,1.1e-05,2.0,-0.0026,-0.0063,0.003
[la-ha-ak-ir-ra,2,0.3,0.000146,2.0,0.162,0.0115,0.0003
[la-ha-ak-ir-ra],2,0.3,0.00275,2.0,0.162,0.0115,0.0003
[li-mi-in-ra,2,0.3,0.001251,2.0,0.0001,-0.0068,0.0006
[me]-lu-u[k-ra],2,0.3,3.8e-05,2.0,-0.0014,-0.0058,0.002
[pi-el],2,0.3,0.000846,2.0,-0.0021,-0.0145,-0.0003
[ri?-im?]-mu-u[m,2,0.3,0.0,2.0,0.162,0.0115,0.0003
[ri?]-mu-um,2,0.3,2e-06,2.0,0.0053,-0.0104,-0.006
[si-i-an]-ku-uk,2,0.3,1e-06,2.0,0.162,0.0115,0.0003
[si-it-tim,2,0.3,0.000996,2.0,-0.0011,-0.0084,-0.0001
[si]-ia-an-ku-uk,2,0.3,0.000242,2.0,0.0053,-0.0104,-0.006
[su]-un-ki-ik,2,0.3,1.9e-05,2.0,-0.0017,-0.0023,-0.0044
[t]e-ip-ti,2,0.3,0.001256,2.0,0.162,0.0115,0.0003
[ta]š?-šu?-up,2,0.3,1e-06,2.0,-0.0016,-0.0037,-0.0018
[te-ip]-ti,2,0.3,0.001744,2.0,0.0039,-0.0093,-0.0079
[tu-ur],2,0.3,0.000966,2.0,-0.0008,-0.0043,-0.0014
[tu4-ur],2,0.3,0.001106,2.0,-0.0014,-0.0058,0.002
[u2,3,0.45,0.001412,3.0,0.0892,0.0006,0.0007
[u2-r]i-pu-up,2,0.3,3e-06,2.0,0.162,0.0115,0.0003
[u2],2,0.3,0.000579,2.0,0.0053,-0.0104,-0.006
[ur(?),2,0.3,0.0,2.0,-0.0009,-0.0047,0.0001
[š]u?-ut?-ta?,2,0.3,0.001684,0.0,0.0006,-0.0056,-0.0034
[šu-šu-un-ka,2,0.3,0.003502,2.0,0.0001,-0.0068,0.0006
[šu-šu]-un-ka,2,0.3,0.001827,2.0,0.0006,-0.0056,-0.0034
[šu]-lu-me-en-[ga],2,0.3,0.003567,0.0,0.0053,-0.0104,-0.006
[…],50,14.6473,0.099725,47.2653,-0.0016,-0.0112,-0.0036
[…]-a,1,0.15,0.0,0,0.162,0.0115,0.0003
[…]-ak,4,0.6,0.002061,4.0,-0.0038,-0.0043,-0.0024
[…]-ar-na,2,0.3,0.004162,0.0,-0.0017,-0.0023,-0.0044
[…]-ih-ma,2,0.3,0.003681,0.0,-0.0017,-0.0023,-0.0044
[…]-nu-me-na-gi,1,0.15,0.0,0,-0.0017,-0.0023,-0.0044
[…]-pi,2,0.3,0.001803,2.0,-0.0017,-0.0023,-0.0044
[…]-ti-e?,2,0.3,0.001778,2.0,0.0006,-0.0056,-0.0034
[…]-ti-ia,3,0.6,0.003625,3.0,-0.0039,-0.0051,0.0021
[…]-uš-ni-e,1,0.15,7e-06,0,-0.0036,-0.0038,0.0012
[…u2-pa-at,2,0.3,0.000845,2.0,-0.0008,-0.0043,-0.0014
[…u2]-pa-at,2,0.3,4.4e-05,2.0,0.0006,-0.0056,-0.0034
],2,0.7849,0.00013,2.0,-0.0018,-0.0049,0.0005
a,2,0.3,0.000846,2.0,0.0003,-0.0043,-0.0017
a-ah?,2,0.3,1.3e-05,2.0,-0.0021,-0.0145,-0.0003
a-ak,87,35.2639,0.212654,82.9767,-0.0165,0.0555,-0.0034
a-ak],4,0.6,0.000873,4.0,-0.0028,-0.0057,-0.0005
a-al,3,0.6,0.000106,3.0,-0.0107,0.1523,-0.1029
a-aš2-ta2,2,0.3,0.004589,0.0,-0.002,-0.0057,-0.0023
a-bu-ul,7,1.5157,0.011113,6.3333,-0.0046,0.0304,-0.0069
a-bu-ul-lu,2,0.3,3.2e-05,2.0,-0.0071,0.097,-0.113
a-gi,40,24.6342,0.166432,33.5385,0.0125,-0.0264,-0.0041
a-ha,11,1.8,0.005049,10.8,-0.0088,0.0811,-0.0548
a-ha-a,3,1.2024,0.007129,2.0,-0.0049,0.0301,0.0406
a-ha-an,7,2.4,0.010321,6.3333,-0.0073,0.0255,-0.026
a-ha-ar,21,6.0591,0.03708,19.7,-0.0058,0.0225,-0.0007
a-i-in,2,0.3,0.002244,2.0,-0.002,-0.0037,-0.0024
a-lu-me-lu,2,0.3,0.003854,0.0,-0.0027,0.0036,-0.0117
a-lu-mi-im-ma,2,0.3,0.003184,0.0,-0.0023,-0.0058,-0.0022
a-ni,5,1.5,0.000115,4.0,-0.0083,0.1022,0.1481
a-pi,2,0.3,1.4e-05,2.0,0.0003,-0.0043,-0.0017
a-pi-me,4,0.6,0.001831,3.3333,-0.0028,-0.004,-0.0025
a-pi-te,2,0.3,1.5e-05,2.0,-0.0018,-0.0059,0.0001
a-pu,2,0.9,0.005625,2.0,-0.0062,0.0426,0.0533
a-pu-un,13,7.2191,0.067912,7.8333,-0.0042,-0.0046,-0.0041
a[n-za]-an,2,0.3,0.002229,2.0,-0.0017,-0.0023,-0.0044
a]-ak,2,0.3,0.002027,2.0,-0.0021,-0.0035,0.0017
ak-ka,15,4.118,0.016262,14.7143,-0.0066,0.0838,0.1479
an-[za-an],2,0.3,0.003509,2.0,-0.0021,-0.0145,-0.0003
an-ka,2,0.3,1.5e-05,2.0,-0.0059,0.0565,0.0709
an-za-an,13,23.2591,0.241858,11.6667,-0.0264,-0.0434,-0.0223
an-za-an],2,0.3,0.002632,2.0,-0.0011,-0.0084,-0.0001
ap-pa,14,3.3,0.006169,13.6923,-0.0038,0.0346,-0.024
ap-pu-ki-i,2,0.3,0.000152,2.0,-0.0019,-0.0041,0.0003
ap-pu-ki-me,2,0.3,0.002361,2.0,-0.0019,-0.0041,0.0003
ar,2,0.3,0.000898,2.0,0.0003,-0.0043,-0.0017
az-ki-[it],2,0.3,0.004623,0.0,-0.0017,-0.0065,-0.0012
az-ki-it,15,8.8055,0.066816,12.2857,-0.0042,-0.0339,-0.0041
be-el-ti,3,0.6,8.6e-05,3.0,-0.0019,-0.0041,0.0003
da-ah,2,0.3,0.001501,2.0,-0.0032,0.0049,-0.0068
dingir-gal,30,22.6011,0.239154,23.3793,-0.0123,0.038,0.0258
dingir-gal-me,4,0.6,0.005615,2.0,-0.0049,0.0386,-0.0497
dingir-gal],2,0.3,0.003001,2.0,0.162,0.0115,0.0003
du-[…]h-pi,2,0.3,4.8e-05,2.0,-0.0017,-0.0023,-0.0044
du-ha-an-ra,2,0.3,1.5e-05,2.0,-0.0082,0.1217,-0.0215
du-ni-[ih,2,0.3,0.001519,2.0,0.162,0.0115,0.0003
du-ni-ih,31,15.8383,0.14226,25.8,-0.0145,-0.0141,-0.0102
du-ni-ih-ši-ni-e,1,0.15,0.00017,0,-0.0018,-0.0059,0.0001
du-ni-iš,2,0.3,0.00017,2.0,-0.0032,0.0049,-0.0068
du-ni-iš-ni,1,0.6,0.000679,0,-0.005,-0.0091,-0.0003
du-uh,2,0.3,0.001803,2.0,-0.0016,-0.0037,-0.0018
du-uh?,2,0.3,0.001494,2.0,-0.0021,-0.0145,-0.0003
du-un-ra,2,0.3,0.001818,0.0,-0.0059,0.0565,0.0709
dur-na-ah-u2-te-{na}?,2,0.3,0.0,2.0,-0.0016,-0.0037,-0.0018
e,3,0.9294,0.004288,3.0,-0.0018,-0.0049,0.0005
e[l?-x-x]-at-tu4,2,0.3,0.000577,2.0,0.0006,-0.0081,0.0001
en,2,0.3,1.5e-05,2.0,-0.0016,-0.0037,-0.0018
gi-nu-ni,2,0.3,0.002454,2.0,-0.0016,-0.0059,-0.0001
gi-ri-na,5,1.8535,0.010883,5.0,-0.0069,0.0369,0.0381
gi-ri-ni,3,0.6,0.003572,3.0,-0.0007,-0.0108,0.0004
h[u-ut-tak-h]a-li-ik,2,0.3,0.003004,2.0,0.0006,-0.0081,0.0001
ha-<at>,2,0.3,0.002053,2.0,-0.0044,0.0586,0.1392
ha-ah-ni-in-ra,2,0.3,6.7e-05,2.0,-0.0022,-0.0061,-0.0006
ha-al,6,0.9,5.7e-05,6.0,-0.0063,0.0631,-0.0429
ha-al-li,2,0.3,5.3e-05,2.0,-0.0071,0.097,-0.113
ha-al-ma-šu-um,4,0.6,0.002254,4.0,-0.0107,0.1523,-0.1029
ha-al-te-te,2,0.3,1.5e-05,2.0,-0.0082,0.1217,-0.0215
ha-ap-pa-ti-iš,2,0.3,1.2e-05,2.0,-0.0021,0.0008,-0.0009
ha-ap-ti-iš,2,0.3,3e-06,2.0,-0.0071,0.097,-0.113
ha-ap-ši,2,0.3,0.000155,2.0,-0.0016,-0.0075,0.0002
ha-at,4,0.9,0.006152,4.0,-0.0096,0.1098,0.0499
ha-at-ta-an-ra,2,0.3,0.001821,0.0,-0.0059,0.0565,0.0709
ha-di-en,2,0.3,0.000427,2.0,-0.0016,-0.0075,0.0002
ha-du,2,0.3,0.000845,2.0,-0.0017,-0.0023,-0.0044
ha-li-[ih,2,0.3,0.0,2.0,0.162,0.0115,0.0003
ha-li-ih,6,1.2,0.001557,6.0,0.0832,-0.0065,-0.0078
ha-li-ik,2,0.6,0.006013,2.0,-0.003,-0.012,-0.0007
ha-ni-ih-ši,2,0.3,0.00017,2.0,-0.0016,-0.0037,-0.0018
ha-ta-am-ti-ir,2,0.3,0.0,2.0,-0.0059,0.0565,0.0709
hi-[en-g]a,2,0.3,0.000839,2.0,0.162,0.0115,0.0003
hi-[…],2,0.3,0.000839,2.0,0.0006,-0.0056,-0.0034
hi-e]n-ka,2,0.3,0.000234,2.0,-0.0021,-0.0145,-0.0003
hi-el,2,0.3,3.2e-05,2.0,-0.0071,0.097,-0.113
hi-en-ga,19,10.1213,0.084266,13.5556,-0.0055,-0.0261,-0.0005
hi-en-ka,23,12.2157,0.100908,17.8182,-0.0048,-0.0205,-0.0042
hi-i-še,2,0.3,0.0,2.0,-0.0071,0.097,-0.113
hi-i-še-e,2,0.3,0.000139,2.0,-0.0082,0.1217,-0.0215
hi-ih,19,13.5864,0.113943,17.1111,-0.0107,-0.0279,0.0213
hi-ih-li,3,0.75,0.000415,3.0,-0.0062,0.0426,0.0533
hi-ih-ni,1,0.15,0.001778,0,0.0001,-0.0068,0.0006
hi-ih-ni],1,0.15,0.001778,0,-0.0011,-0.0084,-0.0001
hi-ih2,2,0.3,0.002997,2.0,-0.0016,-0.0079,-0.0011
hi-iš,6,1.2,0.006748,5.6,-0.0066,0.0778,0.1569
hi-iš-e,2,0.3,0.000846,2.0,0.0006,-0.0056,-0.0034
hi-še,4,0.6,0.002435,3.3333,-0.005,0.0384,-0.0174
hi?-[…],2,0.3,0.00034,2.0,0.0006,-0.0081,0.0001
hi?-iš,2,0.3,0.003001,2.0,0.0006,-0.0056,-0.0034
hu,2,0.3,0.00236,2.0,-0.0016,0.0048,-0.0161
hu-[ut-tah],2,0.3,1.3e-05,2.0,0.0053,-0.0104,-0.006
hu-[ut]-tak-ha-li-ik,2,0.3,0.003001,2.0,-0.0016,-0.0037,-0.0018
hu-ban-nu-me-en-na-ki,2,0.3,0.002233,2.0,-0.0016,-0.0059,-0.0001
hu-hu-un,5,0.9,0.004889,5.0,-0.0108,0.1557,-0.0794
hu-lu-uh,2,0.3,3e-06,2.0,-0.0019,-0.004,-0.0003
hu-ma-an-ra,2,0.3,0.003139,2.0,-0.0044,0.0586,0.1392
hu-ma-ka-ak,2,0.3,2e-06,2.0,-0.0071,0.097,-0.113
hu-ni-in,2,0.3,0.003184,0.0,-0.0022,-0.0048,-0.0022
hu-pi-e,8,1.2,0.000949,7.1429,-0.0041,-0.0056,-0.0038
hu-sa-a,2,0.3,0.001209,2.0,-0.0023,-0.004,-0.0006
hu-si-ip-me,2,0.3,0.001772,2.0,-0.0021,-0.0145,-0.0003
hu-tu4-un-ra,2,0.9153,0.000276,2.0,-0.0044,0.0586,0.1392
hu-uh-[tah-ša],2,0.3,1.5e-05,2.0,0.162,0.0115,0.0003
hu-uh-ni-me,2,0.3,0.0,2.0,-0.0016,0.0048,-0.0161
hu-uh-tah,4,0.9,0.003025,4.0,0.0015,-0.0095,-0.0035
hu-uh-tah-ša,2,0.6,0.002993,2.0,0.0065,-0.014,-0.0099
hu-ul-pa-ah,2,0.3,1.5e-05,2.0,-0.0016,0.0048,-0.0161
hu-un-hi-ih-na,1,0.15,9.2e-05,0,-0.0032,0.0049,-0.0068
hu-us-si-ip-me,17,19.0536,0.218369,9.625,-0.0121,-0.0337,-0.0092
hu-ut-ta-ak,3,0.6,0.000657,3.0,-0.003,-0.012,-0.0007
hu-ut-ta-ak-[ha-li-ik],2,0.3,0.004207,0.0,-0.0017,-0.0065,-0.0012
hu-ut-ta-ak-ha-li-ik,4,0.9,0.01021,3.3333,-0.0035,-0.0046,-0.0016
hu-ut-ta-an,1,0.15,0.000314,0,-0.0023,-0.004,-0.0006
hu-ut-ta-an-ra,3,1.5,0.002738,3.0,-0.0053,-0.011,-0.0006
hu-ut-tah,2,0.3,0.0,2.0,-0.0018,-0.0059,0.0001
hu-ut-tah-ša,4,1.2027,0.003462,2.6667,-0.0033,0.0069,-0.0165
hu-ut-tak-ha-li-ik,17,16.1698,0.173877,14.125,-0.0152,-0.0054,-0.0091
hu-ut-tak-ha-li-ku,2,0.3,0.003001,2.0,-0.0024,-0.0047,-0.0001
hu-ut2-tah-ha-li-ih,2,0.3,0.001508,2.0,0.0039,-0.0093,-0.0079
hu-ut2-tak,2,0.3,2.2e-05,2.0,-0.0017,-0.0023,-0.0044
hu-ut2-tak-[ha-li-ik,2,0.3,0.004207,0.0,-0.0011,-0.0084,-0.0001
hu-ut2-tak-ha-li]-ik,2,0.3,0.004207,0.0,0.0001,-0.0068,0.0006
hu-ut2-tak-ha]-li-[ik,2,0.3,0.003014,2.0,0.162,0.0115,0.0003
hu-ut2-tak?-ha?-[…],2,0.3,0.000584,2.0,-0.0017,-0.0023,-0.0044
hu-uš-ti-in,2,0.3,0.003184,0.0,-0.0016,-0.0056,-0.0025
hu-šu-a,2,0.3,0.001301,0.0,-0.0016,-0.0064,0.0015
hu-šu-ia,6,4.8355,0.026885,5.2,-0.0035,-0.0307,-0.005
hu-šu-ut-ta,2,0.3,0.001405,2.0,-0.0014,-0.005,-0.0002
hu]-uh-tah,3,0.9153,2.2e-05,3.0,0.162,0.0115,0.0003
hu]-us-si-ip-me,2,0.3,1.4e-05,2.0,-0.0008,-0.0043,-0.0014
i,16,3.0,0.003809,15.7333,-0.0083,0.054,0.0087
i-la-a-ni-me,2,0.3,0.002372,2.0,-0.0021,-0.0037,0.0009
i-me-ni,2,0.3,0.000314,2.0,-0.0059,0.0565,0.0709
ia,2,0.3,0.000579,2.0,0.0039,-0.0093,-0.0079
ia-ak,2,0.3,0.000254,2.0,-0.0017,-0.0065,-0.0012
id,2,0.3,0.002462,0.0,-0.0009,-0.0047,0.0001
ik-el,2,0.3,0.000315,2.0,-0.0082,0.1217,-0.0215
ik-ku,2,0.3,6.9e-05,2.0,-0.0032,0.0049,-0.0068
il-ki-ka,2,0.3,0.000244,2.0,-0.0071,0.097,-0.113
il-li-na,2,0.3,0.00159,2.0,-0.0014,-0.005,-0.0002
im-me,13,4.389,0.021633,11.8333,-0.0076,0.0577,-0.064
in,45,30.8954,0.209713,38.1364,-0.0127,-0.0255,-0.0192
in(?)],2,0.3,0.0,2.0,-0.0009,-0.0047,0.0001
in-[ti-ik-ka,2,0.3,0.000863,2.0,-0.0008,-0.0043,-0.0014
in-di-ig-ga,4,1.8,0.013283,0.6667,-0.0039,-0.018,-0.0023
in-di-ig-ga2,2,0.3,0.002125,0.0,-0.0016,-0.0075,0.0002
in-di-ig-ga4,2,0.3,0.002125,0.0,-0.0016,-0.0059,-0.0001
in-di-ik-ka,3,1.5,0.010907,0.0,-0.0028,-0.0172,0.0001
in-gi,21,14.0698,0.098951,15.5,0.029,-0.0299,-0.0053
in-ti-[ig]-ga,2,0.3,7e-06,2.0,0.162,0.0115,0.0003
in-ti-ig-ga,2,0.3,0.000855,2.0,0.0053,-0.0104,-0.006
in-ti-ig-ga8,2,0.3,0.002125,0.0,-0.0021,-0.0067,0.0021
in-ti-ik-[ka],2,0.3,0.000868,2.0,0.0039,-0.0093,-0.0079
in-ti-ik-ka,6,3.6337,0.027584,4.0,-0.0061,-0.0149,-0.0023
in-tu4-um,2,0.3,4.5e-05,2.0,-0.0032,0.0049,-0.0068
in]-ti-ig-[ga],2,0.3,0.001411,2.0,0.162,0.0115,0.0003
ip,2,0.3,0.0,2.0,-0.0044,0.0586,0.1392
ip-il-la-ti,2,0.3,0.004589,0.0,-0.0017,-0.0065,-0.0012
ip-il-la-ti-ma,2,0.3,0.002379,2.0,-0.0021,0.0008,-0.0009
ir,18,7.8299,0.017848,17.2941,-0.0086,0.0076,0.0248
ir-mu,3,0.9519,4.4e-05,3.0,-0.0024,-0.0047,-0.0001
ka,1,0.3,0.001691,0,0.0003,-0.0043,-0.0017
ka-ak-pa-ah,3,1.214,0.003739,3.0,-0.0107,0.1523,-0.1029
ka-da-an,2,0.3,0.000317,0.0,-0.0023,-0.004,-0.0006
ka-tah2,2,0.3,4.3e-05,2.0,-0.0032,0.0049,-0.0068
ka?-ap-na-ak,4,0.6,0.004672,2.0,-0.0021,-0.0145,-0.0003
ki,2,0.3,0.000845,2.0,0.0003,-0.0043,-0.0017
ki-du-um-ma,2,0.3,0.001844,2.0,-0.0071,0.097,-0.113
ki-ib-ra-at,2,0.3,0.002391,2.0,-0.0021,-0.0067,0.0021
ki-ib-ra-at3,2,0.3,0.002391,2.0,-0.0021,-0.0067,0.0021
ki-ik-ki-[…],1,0.15,1.3e-05,0,-0.0021,-0.0145,-0.0003
ki-ik-ki-te-eh,2,0.3,0.001499,2.0,-0.0017,-0.006,-0.002
ki-ik-ki-ti-ih,2,0.3,0.001526,2.0,-0.0016,0.0048,-0.0161
ki-it-ti-[im-ma],2,0.3,4.5e-05,2.0,-0.0021,-0.0145,-0.0003
ki-it-ti-im-ma,8,6.7922,0.018557,7.7143,-0.0091,-0.0061,0.0136
ki-it-ti-in,2,0.3,0.0,2.0,-0.0032,0.0049,-0.0068
ki-it-ti-ma,2,0.3,0.000159,2.0,-0.0021,-0.0067,0.0021
ki-iš-tu4-um-ma,2,0.3,1.2e-05,2.0,-0.0026,-0.0063,0.003
ki-ni-in,2,0.3,0.003184,0.0,-0.0022,-0.005,-0.002
ki-nu-ni,2,0.3,0.002454,2.0,-0.0014,-0.005,-0.0002
ki?-iz?-zu-um,2,0.3,0.002231,2.0,0.0053,-0.0104,-0.006
ku-[ku]-un-nu-um,2,0.3,1.5e-05,2.0,-0.0016,-0.0037,-0.0018
ku-[ši-ih,2,0.3,5.8e-05,2.0,-0.0011,-0.0084,-0.0001
ku-du-ma,2,0.3,0.001803,2.0,-0.0016,0.0048,-0.0161
ku-du-ni,2,0.3,0.001803,2.0,-0.0059,0.0565,0.0709
ku-du-um-ma,2,0.3,0.001844,2.0,-0.0082,0.1217,-0.0215
ku-ku-un-[nu-um,2,0.3,0.00226,2.0,-0.0036,-0.0038,0.0012
ku-ku-un-nu-um,11,1.8,0.00809,9.8,-0.008,0.0686,-0.0625
ku-ku-un-nu-um],2,0.3,4.8e-05,2.0,-0.0021,-0.0035,0.0017
ku-ku-un-nu-um…,2,0.3,0.003233,2.0,-0.0021,-0.0035,0.0017
ku-la-a,2,1.2,2.7e-05,2.0,-0.005,-0.0091,-0.0003
ku-ta-a,2,0.3,0.000315,2.0,-0.0082,0.1217,-0.0215
ku-te-en,2,0.3,0.001752,2.0,-0.002,-0.0037,-0.0024
ku-tu4-un,4,0.9,0.001001,3.3333,-0.01,0.1202,0.1353
ku-u[k-ši-ih],2,0.3,0.000845,2.0,-0.0008,-0.0043,-0.0014
ku-uk-ši-ih,2,0.3,0.0,2.0,-0.0016,0.0048,-0.0161
ku-ul-la-an-ka,6,1.5,0.000526,6.0,-0.0053,-0.011,-0.0006
ku-ur-ru,2,0.3,3.1e-05,2.0,-0.0059,0.0565,0.0709
ku-ši-ha,3,0.6,0.000105,3.0,-0.0107,0.1523,-0.1029
ku-ši-ih,99,40.926,0.278407,93.9184,-0.0283,-0.0221,-0.0387
ku-ši-ih-ma,4,1.2,0.002084,3.3333,-0.0062,0.03,0.044
ku-ši-ih-ša,2,0.9,0.005032,2.0,-0.0074,0.0909,-0.072
ku-ši-ih-ši-ma,3,1.2033,0.00336,3.0,-0.0032,0.0027,-0.0134
ku]-ku-un-[nu-um,2,0.3,0.001223,2.0,-0.0036,-0.0038,0.0012
kuš3,4,0.6,0.002393,2.6667,-0.0032,-0.0017,-0.01
la-[ha]-ak-[ir]-ra,2,0.3,0.000426,2.0,0.162,0.0115,0.0003
la-am-li-e-ma,4,0.6,2.5e-05,4.0,0.0065,-0.014,-0.0099
la-am]-li-[e-ma,2,0.3,0.0,2.0,0.162,0.0115,0.0003
la-an-[si-ti-me,2,0.3,0.004162,0.0,-0.0021,-0.0035,0.0017
la-an-gi-el-li,2,0.3,0.00182,2.0,-0.0017,-0.0023,-0.0044
la-an-si-di-ia,2,0.3,0.000111,2.0,-0.0071,0.097,-0.113
la-an-si-ti-e,2,0.3,0.001818,0.0,-0.0059,0.0565,0.0709
la-an-si-ti-ih,2,0.3,1.9e-05,2.0,-0.0019,-0.004,-0.0003
la-an-si-ti-ip-pa,6,1.5,0.005388,5.6,-0.0053,0.008,0.0152
la-an-si-ti-ir,2,0.3,0.000334,2.0,-0.0019,-0.0051,-0.0018
la-an-si-ti-ir-ra,5,1.8053,0.007017,5.0,-0.005,-0.0091,-0.0003
la-an-si-ti-me,2,0.3,0.004162,0.0,-0.0036,-0.0038,0.0012
la-an-si-ti-pa,2,0.3,0.000644,2.0,-0.0022,-0.0042,-0.0018
la-an-si-ti-ra,2,0.3,0.000207,2.0,-0.0021,-0.005,-0.0011
la-ha-ak-ir-ra,10,3.0498,0.017993,9.3333,0.0065,-0.014,-0.0099
la-ni-e,2,0.3,1.6e-05,2.0,-0.0037,0.0312,0.0346
la-ni-ia,2,0.3,0.002392,2.0,-0.0037,0.0312,0.0346
li-e,2,0.3,5e-06,2.0,-0.0009,-0.0047,0.0001
li-en-ra,2,0.3,0.0,2.0,-0.0009,-0.0047,0.0001
li-gi-e,2,0.3,0.001412,2.0,-0.0009,-0.0047,0.0001
li-ik-ri,2,0.3,1e-06,2.0,-0.0021,-0.0145,-0.0003
li-ik-ri-in,2,0.3,0.003812,0.0,-0.0023,-0.004,-0.0006
li-in-ra,2,0.3,0.000317,0.0,-0.0082,0.1217,-0.0215
li-ki-ir,2,0.3,0.001803,2.0,-0.0018,-0.0059,0.0001
li-li-ra,2,0.3,0.000399,2.0,-0.0021,0.0008,-0.0009
li-mi-in,2,0.3,0.001452,2.0,-0.0011,-0.0084,-0.0001
li-mi-in-ra,2,0.3,0.000172,2.0,-0.0011,-0.0084,-0.0001
li-mi-in-ra],2,0.3,0.001302,2.0,-0.0011,-0.0084,-0.0001
li-na,18,8.4,0.017259,16.8235,0.0134,-0.0159,0.0007
li-na-pu-un,2,0.9,0.009271,2.0,-0.0057,0.0525,-0.0389
li-na],2,0.3,5e-06,2.0,-0.0026,-0.0063,0.003
li-ni-en,2,0.3,0.00309,2.0,-0.0019,-0.0041,0.0003
li?-ki?-ri?-en?,2,0.3,0.003205,0.0,-0.0018,-0.0049,0.0005
lu-be-en,2,0.3,0.000584,2.0,-0.0009,-0.0047,0.0001
lu-bu-ru-uh,3,0.9519,3e-06,3.0,-0.0071,0.097,-0.113
lu-lu-uh-šu,2,0.3,0.001803,2.0,-0.0016,-0.0037,-0.0018
lu-mu-un-ra,2,0.3,0.001803,2.0,-0.0082,0.1217,-0.0215
lu-pi-en,3,0.45,0.000183,3.0,-0.0071,0.097,-0.113
lu-ub-bu-ru-uh-ni,2,0.3,2.2e-05,2.0,-0.0082,0.1217,-0.0215
ma-šu-um,2,0.3,0.002232,2.0,-0.0025,0.0007,-0.0045
me-[lu]-uk-ra,2,0.3,4.3e-05,2.0,-0.0021,-0.0145,-0.0003
me-el-ka-an-ra,5,0.9,0.002128,4.0,-0.0076,0.0827,0.1509
me-en-pu,2,0.3,0.001463,2.0,-0.0016,0.0048,-0.0161
me-it-ki-ni,1,0.15,0.0,0,-0.0044,0.0586,0.1392
me-lu-uk-ma,2,0.3,1.6e-05,2.0,-0.0032,0.0049,-0.0068
me-lu-uk-ra,9,4.8,0.013891,7.5,-0.0096,-0.0035,0.0176
me-lu-uk-ra],2,0.3,0.00184,2.0,-0.0011,-0.0084,-0.0001
mi-el-ki,2,0.3,0.001472,2.0,-0.0021,-0.0037,0.0009
mi-ša-ri,2,0.3,9.5e-05,2.0,-0.0082,0.1217,-0.0215
mi-ši-ma-na,2,0.3,0.001803,2.0,-0.0059,0.0565,0.0709
mu,2,0.3,0.000845,2.0,0.0003,-0.0043,-0.0017
mu-uh-du-uh-me,2,0.3,0.00236,2.0,-0.0018,-0.0059,0.0001
mu-ur-ta-ah,2,0.3,9.6e-05,2.0,-0.0021,-0.0008,-0.0031
mu-ur-ta-an,2,0.3,0.0,2.0,-0.0016,-0.0037,-0.0018
mu-ur-ta-an-ra,2,0.3,0.001625,2.0,-0.0021,0.0008,-0.0009
mu-ur-tah,14,7.81,0.065479,10.1538,-0.0072,-0.0145,-0.003
mu-ur-ti,2,0.3,0.002249,2.0,-0.0021,0.0008,-0.0009
mu-ši-a,5,0.9,0.000143,4.5,0.0024,-0.008,-0.0115
mu-ši-it-ta,2,0.3,3.8e-05,2.0,-0.0009,-0.0047,0.0001
na,4,0.6,0.000126,4.0,-0.0005,-0.0067,-0.0007
na-a,6,5.4,0.004457,6.0,-0.0089,-0.0095,0.015
na-ah-hu-un-te-ir,2,0.3,6e-06,2.0,-0.0044,0.0586,0.1392
na-pir2-ri-ša-ar-ra-pi,2,0.3,8e-06,2.0,-0.0044,0.0586,0.1392
ni,2,0.6,0.002588,2.0,-0.0017,-0.0057,-0.0008
ni-im-ma,4,0.6,0.000131,4.0,-0.0107,0.1523,-0.1029
nu-mu-un,2,0.3,0.000236,0.0,-0.0016,-0.0037,-0.0018
nu-ul-ki-ip-pi,2,0.3,0.001846,2.0,-0.0022,-0.0054,-0.0025
nu-ur,4,0.6,0.003681,4.0,-0.0021,-0.0067,0.0021
pa-ap-pa-ra-na,2,0.3,0.001411,2.0,-0.0021,0.0008,-0.0009
pa-ar,3,1.2,5e-06,2.0,-0.01,0.1202,0.1353
pa-at-tah,2,0.3,0.002297,0.0,-0.0021,-0.0145,-0.0003
pa-ka-an-ra,2,0.3,5.2e-05,2.0,-0.0037,0.0312,0.0346
pi-[el,3,0.9134,0.012518,3.0,-0.0011,-0.0084,-0.0001
pi-du-um-ma,2,0.3,0.00358,0.0,-0.0071,0.097,-0.113
pi-el,8,4.8,0.018689,7.7143,-0.009,-0.0047,0.016
pi-el],2,0.3,0.000247,2.0,0.0001,-0.0068,0.0006
pi-ip-li-ih,2,0.3,8.7e-05,2.0,-0.0019,-0.0041,0.0003
pi-ip-ši-ia,4,0.6,2.5e-05,3.3333,-0.0029,-0.0034,-0.0021
pi-ip-ši-it-te,2,0.3,0.0,2.0,-0.0018,-0.0059,0.0001
pi-it-te-ga,2,0.3,2e-05,2.0,-0.0082,0.1217,-0.0215
pi-it-te-ka,6,0.9,0.000354,6.0,-0.0053,0.0394,-0.0553
pi-li-in,2,0.3,1e-06,0.0,-0.0044,0.0586,0.1392
pi-ti-ir,3,0.6,0.003606,3.0,-0.01,0.1265,0.0355
pi-tu4-ma,2,0.3,0.003296,0.0,-0.0016,0.0048,-0.0161
pi-tu4-um-ma,2,0.3,0.00358,0.0,-0.0082,0.1217,-0.0215
pu-uh-x-x,2,0.3,0.00236,2.0,-0.0016,0.0001,-0.007
pu-uk-ši,2,0.3,0.002244,2.0,-0.0022,-0.0057,-0.002
ra,2,0.3,0.000845,2.0,-0.0036,-0.0038,0.0012
ri,2,0.3,8e-06,2.0,0.0003,-0.0043,-0.0017
ri-e-ru-um-ma,2,0.3,0.002372,2.0,-0.0021,-0.0061,0.0001
ri?-im?-um,2,0.3,2e-06,2.0,0.0039,-0.0093,-0.0079
ru-ri-na,2,0.3,0.001803,2.0,-0.0059,0.0565,0.0709
ru-tu4,3,0.6,5.3e-05,3.0,-0.0044,0.0586,0.1392
sa-ah-[ri],2,0.3,0.00185,2.0,0.0039,-0.0093,-0.0079
sa-ah-ri,2,0.3,0.00185,2.0,0.0053,-0.0104,-0.006
sa-al-mu-um,2,0.3,0.003139,2.0,-0.0044,0.0586,0.1392
sah-ri,8,6.7965,0.054523,4.8571,-0.0053,-0.0274,-0.0015
sah]-ri,2,0.3,0.001629,2.0,0.162,0.0115,0.0003
si-[ia-an-ku]-uk-[ra,2,0.3,0.000258,2.0,-0.0026,-0.0063,0.003
si-a-an,5,1.5,0.013107,3.5,-0.0031,-0.013,-0.0009
si-a-an-ku-uk,5,0.9,0.000268,5.0,0.0058,-0.013,-0.0098
si-a-an-ku-uk-ra,11,4.5493,0.036196,9.0,-0.0033,-0.0145,-0.0004
si-a-an-ku-uk],2,0.3,0.0,2.0,0.162,0.0115,0.0003
si-a-ku-uk,2,0.6,0.000483,2.0,0.0065,-0.014,-0.0099
si-di-im-ma,2,0.3,0.001136,2.0,-0.0032,0.0049,-0.0068
si-ia-a-an-ku-uk-me,2,0.3,1.3e-05,2.0,-0.0032,0.0049,-0.0068
si-ia-an,53,21.7584,0.171279,49.1538,-0.0173,-0.0368,-0.0074
si-ia-an-[ku-uk-pa,2,0.3,0.001793,2.0,-0.0021,-0.0035,0.0017
si-ia-an-[ku-uk-ra,2,0.3,0.000192,2.0,0.0001,-0.0068,0.0006
si-ia-an-i-me,3,1.8728,0.017905,2.0,-0.005,-0.0091,-0.0003
si-ia-an-ku-[uk],2,0.3,4e-06,2.0,0.162,0.0115,0.0003
si-ia-an-ku-uk,19,6.7101,0.028772,17.8889,-0.0065,0.0231,-0.0336
si-ia-an-ku-uk-ma,2,0.3,4.4e-05,2.0,-0.0082,0.1217,-0.0215
si-ia-an-ku-uk-pa,14,7.9171,0.044981,11.2308,-0.0106,0.0369,0.0147
si-ia-an-ku-uk-pa-me,2,0.3,0.001588,2.0,-0.0082,0.1217,-0.0215
si-ia-an-ku-uk-pa-ri,3,0.9,0.002073,3.0,-0.0096,0.1098,0.0499
si-ia-an-ku-uk-pa],2,0.3,0.000846,2.0,-0.0021,-0.0035,0.0017
si-ia-an-ku-uk-ra,37,18.3529,0.148174,31.1111,0.0086,-0.0263,-0.0059
si-ia-an-ku-{uk}-[pa],2,0.3,0.000584,2.0,-0.0021,-0.0056,-0.0003
si-ia-an-ku]-uk-pa,2,0.3,0.000846,2.0,-0.0036,-0.0038,0.0012
si-ia-an-ra,4,1.5,0.002136,2.6667,-0.0053,-0.011,-0.0006
si-ia-ni-me,2,0.3,2e-05,2.0,-0.0016,0.0048,-0.0161
si-ia]-an-ku-uk-pa,2,0.3,1e-05,2.0,-0.0036,-0.0038,0.0012
si-ir-ha-al-te,2,0.3,0.003962,0.0,-0.0022,-0.0054,-0.0025
si-it-me,21,15.3644,0.162226,14.3,-0.0067,-0.0356,-0.0016
si-it-me],2,0.3,2e-06,2.0,0.162,0.0115,0.0003
si-it-tan-me,2,0.3,3.5e-05,2.0,-0.0018,-0.0059,0.0001
si-li-in,2,0.3,0.003184,0.0,-0.0022,-0.0049,-0.0022
si-ma-aš2,2,0.3,0.001718,2.0,-0.002,-0.0037,-0.0024
si-ti-i,2,0.3,0.000317,0.0,-0.0023,-0.004,-0.0006
si]-it-tim,2,0.3,0.000996,2.0,0.0001,-0.0068,0.0006
sig-ra-tu4,2,0.3,0.001494,2.0,-0.0021,-0.0145,-0.0003
su-kar-tah,2,0.3,0.001625,2.0,-0.0016,-0.0075,0.0002
su-ku-un-ra,2,0.3,0.003018,2.0,-0.0044,0.0586,0.1392
su-ku-ša-ak,2,0.3,4e-06,2.0,-0.0059,0.0565,0.0709
su-un-ki-i[k],2,0.3,0.002895,0.0,-0.0018,-0.0049,0.0005
su-un-ki-ik,29,18.321,0.150974,28.2857,-0.0169,-0.0322,-0.0067
su-un-ki-ip,7,1.8,0.001294,7.0,-0.0028,0.025,-0.0264
su-un-ki-ir,4,0.6,4.3e-05,4.0,-0.0059,0.0565,0.0709
su-un-ki-me,9,3.0618,0.016483,7.25,-0.0044,-0.0101,0.0005
su-un-ki]-ik,2,0.3,0.002058,2.0,-0.0036,-0.0038,0.0012
su-us-ka-ta]h,2,0.3,0.0,2.0,0.162,0.0115,0.0003
su-us-ka-tah,2,0.3,0.001501,2.0,0.0039,-0.0093,-0.0079
t]e-la-[ak]-li,1,0.15,0.000146,0,0.162,0.0115,0.0003
ta-[ak]-me,2,0.3,0.003427,2.0,0.162,0.0115,0.0003
ta-ah,6,0.9,0.004316,5.6,-0.0021,-0.0046,-0.0098
ta-ak-[me],2,0.3,0.003427,2.0,0.0053,-0.0104,-0.006
ta-ak-ki-ip-pi,2,0.3,0.001752,2.0,-0.0022,-0.0057,-0.002
ta-ak-me,9,7.9801,0.115768,4.25,-0.0053,-0.0345,-0.0039
ta-ak-ni,3,1.2,0.000606,3.0,-0.01,0.1202,0.1353
ta-an-ra,3,0.6,0.000696,3.0,-0.01,0.1265,0.0355
ta-at-ta-ah,2,0.3,8.7e-05,2.0,-0.0021,-0.0008,-0.0031
ta-aš2-ni,1,0.15,4.3e-05,0,-0.0059,0.0565,0.0709
ta-li-in,3,0.9138,0.009585,0.0,-0.0017,-0.0073,-0.0004
ta-ri-ir,2,0.3,0.00194,2.0,-0.0059,0.0565,0.0709
ta?-du?-ra-na,2,0.3,0.002386,0.0,-0.0017,-0.0023,-0.0044
te-[la-ak-ni],3,0.45,0.000305,3.0,-0.0024,-0.008,0.0031
te-im-ma,4,0.6,0.001872,4.0,-0.0032,0.0049,-0.0068
te-ip-[ti],2,0.3,0.0,2.0,0.162,0.0115,0.0003
te-ip-ta,2,0.3,1e-06,2.0,-0.0032,0.0049,-0.0068
te-ip-ti,6,1.8,0.010515,5.6,0.0054,-0.0108,-0.0152
te-ip-ti],2,0.3,0.0,2.0,0.162,0.0115,0.0003
te-la-ak,1,0.45,0.000458,0,-0.0027,-0.0138,-0.0013
te-la-ak-[ni],1,0.15,0.000146,0,-0.0017,-0.0023,-0.0044
te-la-ak-li,1,0.15,0.000146,0,0.0053,-0.0104,-0.006
te-la-ak-ni,12,7.95,0.010577,11.8182,-0.0161,-0.0088,-0.0105
te-pu-uh,2,0.6,0.000134,2.0,-0.0049,0.0301,0.0406
tu4-[ur],3,0.6,0.006969,2.0,0.102,0.0008,0.0003
tu4-ni-ih,16,6.8051,0.05026,15.7333,0.0133,-0.0238,-0.0093
tu4-ru-un-ka,3,1.5,0.007327,3.0,-0.0053,-0.011,-0.0006
tu4-ru-uš-ni-e,1,0.15,0.0,0,-0.0009,-0.0047,0.0001
tu4-ul-li-in,2,0.3,0.000317,0.0,-0.0082,0.1217,-0.0215
tu4-um-pa,3,0.6,0.000197,3.0,-0.0107,0.1523,-0.1029
tu4-um-pa-an-ra,4,1.5,0.007585,4.0,-0.007,0.0233,-0.0059
tu4-up-pi-me,3,0.924,0.000267,2.0,-0.0044,0.0586,0.1392
tu4-ur,28,23.9199,0.191369,24.0741,0.0091,-0.041,-0.0051
tu4-ur-hi-ih,4,0.6,0.003477,2.6667,-0.0028,-0.0073,-0.0001
tu4-ur],2,0.3,0.000981,2.0,-0.0025,-0.0044,-0.0
tu4-uš,2,0.3,0.002232,2.0,-0.0016,0.0048,-0.0161
tuš,4,0.6,0.001447,3.3333,-0.0032,-0.0017,-0.01
u2,35,22.7018,0.176232,32.5294,-0.0064,-0.0074,-0.0013
u2-[me,2,0.3,1.2e-05,2.0,0.162,0.0115,0.0003
u2-me,86,50.9423,0.354014,80.4471,0.0096,-0.0266,0.0136
u2-pa-at,45,25.1049,0.204411,38.4545,-0.0131,-0.0314,-0.0049
u2-pa-at],2,0.3,0.003303,2.0,0.0001,-0.0068,0.0006
u2-pa-ti-pi,4,0.6,0.001809,4.0,-0.0076,0.0933,0.0172
u2-ri-[pu]-up,2,0.3,1.4e-05,2.0,0.0053,-0.0104,-0.006
u2-ri-pu-be,2,0.3,0.000194,2.0,-0.0032,0.0049,-0.0068
u2-ri-pu-pi,11,4.928,0.031101,8.2,-0.0054,0.0473,-0.0511
u3,1,1.5,0.014113,0,-0.0056,-0.0176,-0.0063
uk-ku-ma,2,0.3,0.0,2.0,-0.0071,0.097,-0.113
uk-ku-pi,2,0.3,0.0,2.0,-0.0044,0.0586,0.1392
uk-ku-ri,4,1.5,0.002223,4.0,-0.0079,0.0765,0.0846
ul-hi,4,1.2,0.002499,4.0,-0.006,0.0434,0.0525
ul-li-na,13,5.1151,0.018024,11.1667,-0.0072,-0.0211,0.0016
ul-li-na6,2,0.3,0.000101,2.0,-0.0016,-0.0075,0.0002
ul-lu-ru-uk,1,0.3,0.000488,0,-0.002,-0.0037,-0.0024
um-me,5,0.9,0.000315,5.0,0.1108,-0.0033,-0.0074
un,16,5.103,0.02003,14.4,-0.0072,-0.0147,-0.0041
un-taš-dingir-gal,4,0.9,0.006054,3.3333,-0.0082,0.0891,-0.0635
up-ku-mi-[ia],2,0.3,0.000853,0.0,-0.0008,-0.0043,-0.0014
up-kum-mi-ia,2,0.3,0.002428,0.0,-0.0017,-0.006,-0.002
up-qu-mi-ma,2,0.3,0.002471,2.0,-0.0022,-0.0049,-0.0013
ur,2,1.2,0.000258,2.0,-0.005,-0.0091,-0.0003
uš-ta-na,2,0.3,0.001501,2.0,-0.0032,0.0049,-0.0068
x-pa-lu,2,0.3,0.000853,0.0,0.0003,-0.0043,-0.0017
x-x,2,0.3,2.1e-05,2.0,-0.0016,0.0001,-0.007
za-ah-ri,3,0.6,0.003472,3.0,-0.0026,-0.0139,-0.0011
zi-it-im-ma,2,0.3,0.001821,2.0,-0.0021,-0.0061,0.0001
zi-it-me,4,2.1,0.00907,4.0,-0.0063,-0.0106,-0.0022
zig-ra-tu4,2,0.3,0.001494,2.0,0.0006,-0.0056,-0.0034
zig-ra-tu4-me,3,0.6,0.003013,3.0,-0.0023,-0.0006,-0.0132
zu-[un-ki-me,2,0.3,0.001811,2.0,-0.0025,-0.0044,-0.0
zu-lu-ka-ak,2,0.3,2e-06,2.0,-0.0071,0.097,-0.113
zu-u[n-ki-ip],2,0.3,0.0,2.0,0.162,0.0115,0.0003
zu-uk-ka-an,2,0.3,0.000322,0.0,-0.0023,-0.004,-0.0006
zu-uk-ka-an-ka,2,0.3,2.6e-05,2.0,-0.0016,-0.0037,-0.0018
zu-uk-ma,2,0.3,0.000427,2.0,-0.0071,0.097,-0.113
zu-un-ki-ik,12,7.5181,0.047452,11.8182,-0.0094,-0.0117,-0.0196
zu-un-ki-ip,3,0.6,0.002825,2.0,-0.0043,0.0383,-0.051
zu-un-ki-me,6,3.0023,0.026235,3.6,-0.0056,-0.0134,-0.0015
zu-uz-ka-tah,2,0.3,0.001501,2.0,0.0053,-0.0104,-0.006
{ku-ši-ih},2,0.3,3e-05,2.0,-0.0016,-0.0056,-0.0025
{ku}?-nu-um,2,0.3,3.1e-05,2.0,-0.0016,-0.0037,-0.0018
{li}-na,2,0.3,5e-06,2.0,-0.0021,-0.0056,-0.0003
{te-la}-ak-ni,1,0.15,0.0,0,-0.0021,-0.0056,-0.0003
{uk-ku}-me,2,0.3,0.001803,2.0,-0.0016,-0.0037,-0.0018
š[u-šu-un-ka,2,0.3,0.002895,0.0,-0.0018,-0.0049,0.0005
ša,2,0.3,0.000845,2.0,0.0003,-0.0043,-0.0017
ša-[ak,2,0.3,0.001422,2.0,-0.0021,-0.0035,0.0017
ša-ak,30,21.6,0.112451,30.0,-0.0266,-0.0457,-0.0229
ša-am?-me-eh-ši,2,0.3,0.001803,2.0,-0.0016,-0.0037,-0.0018
ša-ar-ra-na,2,0.3,0.000325,2.0,-0.0023,-0.004,-0.0006
ša-at-ki-me,4,0.6,0.001943,3.3333,-0.0021,-0.0078,0.0019
ša-at-me,2,0.3,0.0,2.0,-0.0032,0.0049,-0.0068
ša-qu-tu4,2,0.3,0.0,2.0,-0.0071,0.097,-0.113
ša-ra-ra,4,1.2,5.8e-05,4.0,-0.01,0.1202,0.1353
ša-ri-ih,3,2.7508,0.010788,3.0,-0.0057,-0.0098,-0.002
ša-ri-ik,2,0.3,0.001815,2.0,-0.0027,0.0036,-0.0117
ša-tu4-uh-ni,1,0.15,1.8e-05,0,-0.0021,-0.0067,0.0021
ši-in-ni,2,0.3,3.3e-05,2.0,-0.0082,0.1217,-0.0215
šu-<ut>-ki-me,2,0.3,1.7e-05,2.0,-0.0014,-0.0058,0.002
šu-[šu-un-ka,2,0.3,0.00205,2.0,-0.0021,-0.0035,0.0017
šu-du-ur,2,0.3,4.9e-05,2.0,-0.0071,0.097,-0.113
šu-lu-me-en-[ka],2,0.3,0.003567,0.0,0.0039,-0.0093,-0.0079
šu-lu-me-ka,2,0.3,0.003567,0.0,-0.0016,-0.0064,0.0015
šu-tu4-ur,2,0.3,0.002029,2.0,-0.0082,0.1217,-0.0215
šu-uh-tir,2,0.3,0.000162,2.0,-0.0017,-0.0073,-0.0004
šu-ul-lu-me-en-ga,2,1.8,0.021403,0.0,-0.003,-0.0178,-0.0003
šu-ul-lu-me-en-ka,2,0.3,0.003567,0.0,-0.0021,-0.0145,-0.0003
šu-ul-lu-me-ga,3,1.8,0.020995,2.0,-0.0042,-0.0188,-0.0015
šu-ul-lu-me-ka,2,0.3,0.003567,0.0,-0.0017,-0.0073,-0.0004
šu-un-šu-ir-pi,2,0.3,0.003771,0.0,-0.0025,0.0007,-0.0045
šu-up,2,0.3,0.002375,2.0,-0.0018,-0.0059,0.0001
šu-ut-ku-me,2,0.3,1.6e-05,2.0,-0.0018,-0.0059,0.0001
šu-ut-me,2,0.3,1e-06,2.0,-0.0032,0.0049,-0.0068
šu-šu-[un-ka],2,0.3,0.003502,2.0,-0.0016,-0.0056,-0.0025
šu-šu-un,4,0.6,0.002516,3.3333,-0.0051,0.0381,-0.0515
šu-šu-un-[ka]-[…],2,0.3,1.5e-05,2.0,-0.0008,-0.0043,-0.0014
šu-šu-un-ka,45,28.979,0.263003,41.5,-0.0252,-0.0481,-0.0153
